participant,device,phase,n,N
3115,CD1C,play,54,22.5
3115,CD1C,sf,23,25.555555555555554
3115,CD2B,play,43,17.916666666666668
3115,CD2B,sf,10,11.11111111111111
3115,CD2B,reunion,11,4.583333333333333
3125,CD1C,play,8,3.3333333333333335
3125,CD1C,sf,9,10
3125,CD1C,reunion,3,1.25
3125,CD2B,play,5,2.083333333333333
3125,CD2B,sf,11,12.222222222222221
3125,CD2B,reunion,7,2.9166666666666665
3128,CD1C,play,13,5.416666666666667
3128,CD1C,sf,14,15.555555555555555
3128,CD1C,reunion,11,4.583333333333333
3128,CD2B,play,6,2.5
3128,CD2B,sf,7,7.777777777777778
3128,CD2B,reunion,12,5
3143,CD1C,play,5,2.083333333333333
3143,CD1C,sf,5,5.555555555555555
3143,CD1C,reunion,9,3.75
3143,CD2B,play,7,2.9166666666666665
3143,CD2B,sf,8,8.88888888888889
3143,CD2B,reunion,12,5
3154,CD1C,play,6,2.5
3154,CD1C,sf,3,3.3333333333333335
3154,CD1C,reunion,16,6.666666666666667
3154,CD2B,play,6,2.5
3154,CD2B,sf,7,7.777777777777778
3154,CD2B,reunion,15,6.25
3155,CD1C,play,5,2.083333333333333
3155,CD1C,sf,10,11.11111111111111
3155,CD1C,reunion,22,9.166666666666666
3155,CD2B,play,6,2.5
3155,CD2B,sf,13,14.444444444444443
3155,CD2B,reunion,24,10
3158,CD1C,play,5,2.083333333333333
3158,CD1C,sf,4,4.444444444444445
3158,CD1C,reunion,5,2.083333333333333
3158,CD2B,play,9,3.75
3158,CD2B,sf,5,5.555555555555555
3158,CD2B,reunion,19,7.916666666666666
3161,CD1C,play,1,0.4166666666666667
3161,CD1C,sf,2,2.2222222222222223
3161,CD1C,reunion,14,5.833333333333333
3161,CD2B,play,2,0.8333333333333334
3161,CD2B,sf,2,2.2222222222222223
3161,CD2B,reunion,3,1.25
3164,CD1C,play,9,3.75
3164,CD1C,sf,6,6.666666666666667
3164,CD1C,reunion,24,10
3164,CD2B,play,10,4.166666666666666
3164,CD2B,sf,8,8.88888888888889
3164,CD2B,reunion,19,7.916666666666666
3165,CD2B,sf,2,2.2222222222222223
3165,CD2B,reunion,4,1.6666666666666667
3169,CD1C,play,4,1.6666666666666667
3169,CD1C,sf,7,7.777777777777778
3169,CD1C,reunion,14,5.833333333333333
3169,CD2B,play,6,2.5
3169,CD2B,sf,5,5.555555555555555
3169,CD2B,reunion,14,5.833333333333333
3170,CD1C,play,26,10.833333333333334
3170,CD1C,sf,2,2.2222222222222223
3170,CD2B,play,18,7.5
3171,CD1C,sf,2,2.2222222222222223
3171,CD1C,reunion,8,3.3333333333333335
3171,CD2B,play,7,2.9166666666666665
3171,CD2B,sf,4,4.444444444444445
3171,CD2B,reunion,15,6.25
3172,CD1C,play,3,1.25
3172,CD1C,sf,8,8.88888888888889
3172,CD1C,reunion,7,2.9166666666666665
3172,CD2B,play,10,4.166666666666666
3172,CD2B,sf,6,6.666666666666667
3176,CD1C,play,4,1.6666666666666667
3176,CD1C,sf,6,6.666666666666667
3176,CD1C,reunion,12,5
3176,CD2B,play,3,1.25
3176,CD2B,sf,3,3.3333333333333335
3176,CD2B,reunion,9,3.75
3180,CD1C,play,9,3.75
3180,CD1C,sf,10,11.11111111111111
3180,CD1C,reunion,7,2.9166666666666665
3180,CD2B,play,7,2.9166666666666665
3180,CD2B,sf,4,4.444444444444445
3180,CD2B,reunion,7,2.9166666666666665
3181,CD1C,reunion,5,2.083333333333333
3181,CD2B,reunion,1,0.4166666666666667
3184,CD1C,play,4,1.6666666666666667
3184,CD1C,sf,9,10
3184,CD1C,reunion,6,2.5
3184,CD2B,play,6,2.5
3184,CD2B,sf,12,13.333333333333334
3184,CD2B,reunion,14,5.833333333333333
3185,CD1C,play,2,0.8333333333333334
3185,CD1C,sf,10,11.11111111111111
3185,CD1C,reunion,11,4.583333333333333
3185,CD2B,play,8,3.3333333333333335
3185,CD2B,sf,7,7.777777777777778
3185,CD2B,reunion,10,4.166666666666666
3189,CD1C,play,16,6.666666666666667
3189,CD1C,sf,31,34.44444444444444
3189,CD2B,play,6,2.5
3189,CD2B,sf,7,7.777777777777778
3189,CD2B,reunion,13,5.416666666666667
3190,CD1C,play,19,7.916666666666666
3190,CD1C,sf,5,5.555555555555555
3190,CD1C,reunion,14,5.833333333333333
3190,CD2B,play,13,5.416666666666667
3190,CD2B,sf,9,10
3190,CD2B,reunion,12,5
3196,CD2B,play,7,2.9166666666666665
3196,CD2B,sf,7,7.777777777777778
3196,CD2B,reunion,18,7.5
3198,CD1C,play,5,2.083333333333333
3198,CD1C,sf,9,10
3198,CD1C,reunion,16,6.666666666666667
3200,CD1C,play,14,5.833333333333333
3200,CD1C,sf,16,17.77777777777778
3200,CD1C,reunion,14,5.833333333333333
3200,CD2B,play,10,4.166666666666666
3200,CD2B,sf,9,10
3200,CD2B,reunion,14,5.833333333333333
3201,CD1C,play,9,3.75
3201,CD1C,sf,8,8.88888888888889
3201,CD1C,reunion,8,3.3333333333333335
3201,CD2B,play,7,2.9166666666666665
3201,CD2B,sf,6,6.666666666666667
3201,CD2B,reunion,7,2.9166666666666665
3202,CD1C,play,3,1.25
3202,CD1C,sf,8,8.88888888888889
3202,CD1C,reunion,10,4.166666666666666
3202,CD2B,play,4,1.6666666666666667
3202,CD2B,sf,8,8.88888888888889
3202,CD2B,reunion,10,4.166666666666666
3203,CD1C,play,6,2.5
3203,CD1C,sf,8,8.88888888888889
3203,CD2B,play,2,0.8333333333333334
3203,CD2B,sf,2,2.2222222222222223
3203,CD2B,reunion,2,0.8333333333333334
3209,CD1C,play,2,0.8333333333333334
3209,CD1C,sf,4,4.444444444444445
3209,CD1C,reunion,3,1.25
3209,CD2B,play,7,2.9166666666666665
3209,CD2B,sf,7,7.777777777777778
3209,CD2B,reunion,11,4.583333333333333
3213,CD2B,play,4,1.6666666666666667
3213,CD2B,sf,6,6.666666666666667
3213,CD2B,reunion,7,2.9166666666666665
3215,CD1C,play,7,2.9166666666666665
3215,CD1C,sf,8,8.88888888888889
3215,CD1C,reunion,15,6.25
3215,CD2B,play,8,3.3333333333333335
3215,CD2B,sf,8,8.88888888888889
3215,CD2B,reunion,15,6.25
3218,CD1C,play,7,2.9166666666666665
3218,CD1C,sf,1,1.1111111111111112
3218,CD2B,play,8,3.3333333333333335
3218,CD2B,sf,6,6.666666666666667
3218,CD2B,reunion,13,5.416666666666667
3225,CD2B,play,2,0.8333333333333334
3225,CD2B,sf,2,2.2222222222222223
3225,CD2B,reunion,4,1.6666666666666667
3226,CD1C,play,3,1.25
3226,CD1C,sf,7,7.777777777777778
3226,CD2B,play,4,1.6666666666666667
3226,CD2B,sf,6,6.666666666666667
3226,CD2B,reunion,5,2.083333333333333
3227,CD2B,play,8,3.3333333333333335
3227,CD2B,reunion,14,5.833333333333333
3234,CD1C,play,6,2.5
3234,CD1C,sf,6,6.666666666666667
3234,CD1C,reunion,9,3.75
3234,CD2B,play,4,1.6666666666666667
3234,CD2B,sf,11,12.222222222222221
3234,CD2B,reunion,10,4.166666666666666
3236,CD1C,play,1,0.4166666666666667
3236,CD1C,sf,7,7.777777777777778
3236,CD1C,reunion,5,2.083333333333333
3237,CD1C,play,12,5
3237,CD1C,sf,34,37.77777777777778
3237,CD2B,play,8,3.3333333333333335
3237,CD2B,sf,1,1.1111111111111112
3237,CD2B,reunion,15,6.25
3239,CD2B,play,1,0.4166666666666667
3239,CD2B,reunion,17,7.083333333333333
3246,CD1C,play,1,0.4166666666666667
3246,CD1C,sf,36,40
3246,CD2B,reunion,19,7.916666666666666
3247,CD1C,play,19,7.916666666666666
3247,CD1C,sf,39,43.333333333333336
3247,CD2B,play,7,2.9166666666666665
3247,CD2B,sf,1,1.1111111111111112
3247,CD2B,reunion,16,6.666666666666667
3249,CD1C,play,10,4.166666666666666
3249,CD1C,sf,19,21.11111111111111
3254,CD1C,play,13,5.416666666666667
3254,CD1C,sf,23,25.555555555555554
3254,CD2B,play,12,5
3254,CD2B,sf,1,1.1111111111111112
3254,CD2B,reunion,21,8.75
3264,CD1C,sf,5,5.555555555555555
3264,CD1C,reunion,13,5.416666666666667
3264,CD2B,play,10,4.166666666666666
3264,CD2B,sf,10,11.11111111111111
3264,CD2B,reunion,13,5.416666666666667
3266,CD1C,play,1,0.4166666666666667
3266,CD1C,sf,4,4.444444444444445
3266,CD1C,reunion,4,1.6666666666666667
3266,CD2B,play,2,0.8333333333333334
3266,CD2B,sf,3,3.3333333333333335
3266,CD2B,reunion,6,2.5
3267,CD1C,play,10,4.166666666666666
3267,CD1C,sf,12,13.333333333333334
3267,CD1C,reunion,18,7.5
3267,CD2B,play,9,3.75
3267,CD2B,sf,11,12.222222222222221
3267,CD2B,reunion,15,6.25
3272,CD1C,play,2,0.8333333333333334
3272,CD1C,reunion,7,2.9166666666666665
3275,CD1C,play,9,3.75
3275,CD1C,sf,7,7.777777777777778
3275,CD1C,reunion,7,2.9166666666666665
3275,CD2B,play,14,5.833333333333333
3275,CD2B,sf,9,10
3275,CD2B,reunion,16,6.666666666666667
3276,CD1C,play,9,3.75
3276,CD1C,sf,3,3.3333333333333335
3276,CD1C,reunion,11,4.583333333333333
3276,CD2B,play,4,1.6666666666666667
3276,CD2B,sf,2,2.2222222222222223
3276,CD2B,reunion,9,3.75
3277,CD1C,play,14,5.833333333333333
3277,CD1C,sf,7,7.777777777777778
3277,CD1C,reunion,6,2.5
3277,CD2B,play,11,4.583333333333333
3277,CD2B,sf,14,15.555555555555555
3277,CD2B,reunion,8,3.3333333333333335
3278,CD1C,play,7,2.9166666666666665
3278,CD1C,sf,1,1.1111111111111112
3278,CD1C,reunion,1,0.4166666666666667
3278,CD2B,play,8,3.3333333333333335
3281,CD1C,play,11,4.583333333333333
3281,CD1C,sf,6,6.666666666666667
3281,CD1C,reunion,12,5
3281,CD2B,play,13,5.416666666666667
3281,CD2B,sf,8,8.88888888888889
3281,CD2B,reunion,18,7.5
3283,CD1C,play,5,2.083333333333333
3283,CD1C,sf,5,5.555555555555555
3283,CD1C,reunion,9,3.75
3283,CD2B,play,7,2.9166666666666665
3283,CD2B,reunion,1,0.4166666666666667
3287,CD1C,play,1,0.4166666666666667
3287,CD1C,sf,5,5.555555555555555
3287,CD1C,reunion,1,0.4166666666666667
3289,CD1C,play,9,3.75
3289,CD1C,sf,6,6.666666666666667
3289,CD1C,reunion,10,4.166666666666666
3289,CD2B,play,6,2.5
3289,CD2B,sf,8,8.88888888888889
3289,CD2B,reunion,5,2.083333333333333
3290,CD1C,play,7,2.9166666666666665
3290,CD1C,sf,14,15.555555555555555
3290,CD1C,reunion,11,4.583333333333333
3290,CD2B,play,6,2.5
3293,CD1C,play,7,2.9166666666666665
3293,CD1C,sf,5,5.555555555555555
3293,CD1C,reunion,11,4.583333333333333
3293,CD2B,play,7,2.9166666666666665
3293,CD2B,sf,7,7.777777777777778
3293,CD2B,reunion,12,5
3308,CD1C,play,14,5.833333333333333
3308,CD1C,sf,19,21.11111111111111
3308,CD1C,reunion,21,8.75
3308,CD2B,play,12,5
3308,CD2B,sf,13,14.444444444444443
3308,CD2B,reunion,12,5
3310,CD1C,play,3,1.25
3310,CD1C,sf,7,7.777777777777778
3310,CD1C,reunion,10,4.166666666666666
3310,CD2B,reunion,3,1.25
3311,CD1C,play,13,5.416666666666667
3311,CD1C,sf,8,8.88888888888889
3311,CD1C,reunion,17,7.083333333333333
3311,CD2B,play,13,5.416666666666667
3311,CD2B,sf,7,7.777777777777778
3311,CD2B,reunion,18,7.5
3312,CD1C,play,24,10
3312,CD1C,sf,7,7.777777777777778
3312,CD1C,reunion,11,4.583333333333333
3312,CD2B,play,18,7.5
3312,CD2B,sf,8,8.88888888888889
3312,CD2B,reunion,22,9.166666666666666
3315,CD1C,play,4,1.6666666666666667
3315,CD1C,sf,4,4.444444444444445
3315,CD1C,reunion,14,5.833333333333333
3315,CD2B,play,8,3.3333333333333335
3315,CD2B,sf,6,6.666666666666667
3315,CD2B,reunion,8,3.3333333333333335
3327,CD1C,play,13,5.416666666666667
3327,CD1C,sf,3,3.3333333333333335
3327,CD1C,reunion,3,1.25
3327,CD2B,play,8,3.3333333333333335
3327,CD2B,sf,2,2.2222222222222223
3327,CD2B,reunion,5,2.083333333333333
3332,CD1C,play,11,4.583333333333333
3332,CD1C,sf,10,11.11111111111111
3332,CD1C,reunion,12,5
3332,CD2B,play,8,3.3333333333333335
3332,CD2B,sf,16,17.77777777777778
3332,CD2B,reunion,11,4.583333333333333
3334,CD1C,play,8,3.3333333333333335
3334,CD1C,sf,9,10
3334,CD1C,reunion,11,4.583333333333333
3334,CD2B,play,7,2.9166666666666665
3334,CD2B,sf,11,12.222222222222221
3334,CD2B,reunion,12,5
3336,CD1C,sf,3,3.3333333333333335
3336,CD1C,reunion,2,0.8333333333333334
3336,CD2B,play,3,1.25
3336,CD2B,sf,1,1.1111111111111112
3336,CD2B,reunion,2,0.8333333333333334
3345,CD1C,play,9,3.75
3345,CD1C,sf,9,10
3345,CD1C,reunion,18,7.5
3345,CD2B,play,4,1.6666666666666667
3345,CD2B,sf,11,12.222222222222221
3345,CD2B,reunion,18,7.5
3348,CD1C,play,7,2.9166666666666665
3348,CD1C,sf,10,11.11111111111111
3348,CD1C,reunion,6,2.5
3348,CD2B,play,7,2.9166666666666665
3348,CD2B,sf,8,8.88888888888889
3348,CD2B,reunion,2,0.8333333333333334
3350,CD1C,play,10,4.166666666666666
3350,CD1C,sf,6,6.666666666666667
3350,CD1C,reunion,11,4.583333333333333
3350,CD2B,play,10,4.166666666666666
3350,CD2B,sf,11,12.222222222222221
3350,CD2B,reunion,22,9.166666666666666
3351,CD1C,play,10,4.166666666666666
3351,CD1C,sf,4,4.444444444444445
3351,CD1C,reunion,4,1.6666666666666667
3351,CD2B,play,10,4.166666666666666
3351,CD2B,sf,10,11.11111111111111
3351,CD2B,reunion,12,5
3355,CD1C,play,4,1.6666666666666667
3355,CD1C,sf,4,4.444444444444445
3355,CD1C,reunion,14,5.833333333333333
3355,CD2B,play,6,2.5
3355,CD2B,sf,1,1.1111111111111112
3355,CD2B,reunion,9,3.75
3356,CD1C,play,11,4.583333333333333
3356,CD1C,sf,9,10
3356,CD1C,reunion,15,6.25
3356,CD2B,play,14,5.833333333333333
3356,CD2B,sf,9,10
3356,CD2B,reunion,18,7.5
3359,CD1C,play,6,2.5
3359,CD1C,sf,3,3.3333333333333335
3359,CD1C,reunion,2,0.8333333333333334
3360,CD1C,play,1,0.4166666666666667
3360,CD1C,reunion,8,3.3333333333333335
3360,CD2B,play,6,2.5
3360,CD2B,sf,2,2.2222222222222223
3360,CD2B,reunion,5,2.083333333333333
3361,CD1C,play,16,6.666666666666667
3361,CD1C,sf,12,13.333333333333334
3361,CD1C,reunion,19,7.916666666666666
3361,CD2B,play,7,2.9166666666666665
3361,CD2B,sf,16,17.77777777777778
3361,CD2B,reunion,19,7.916666666666666
3366,CD1C,play,7,2.9166666666666665
3366,CD1C,sf,7,7.777777777777778
3366,CD1C,reunion,13,5.416666666666667
3366,CD2B,play,10,4.166666666666666
3366,CD2B,sf,8,8.88888888888889
3366,CD2B,reunion,12,5
3367,CD1C,play,11,4.583333333333333
3367,CD1C,sf,5,5.555555555555555
3367,CD1C,reunion,19,7.916666666666666
3367,CD2B,play,6,2.5
3367,CD2B,sf,3,3.3333333333333335
3367,CD2B,reunion,16,6.666666666666667
3369,CD1C,sf,1,1.1111111111111112
3369,CD1C,reunion,4,1.6666666666666667
3369,CD2B,play,6,2.5
3369,CD2B,reunion,4,1.6666666666666667
3370,CD1C,play,12,5
3370,CD1C,sf,4,4.444444444444445
3370,CD1C,reunion,12,5
3370,CD2B,play,10,4.166666666666666
3370,CD2B,sf,5,5.555555555555555
3370,CD2B,reunion,2,0.8333333333333334
3372,CD1C,play,14,5.833333333333333
3372,CD1C,sf,9,10
3372,CD1C,reunion,15,6.25
3372,CD2B,play,9,3.75
3372,CD2B,sf,7,7.777777777777778
3372,CD2B,reunion,16,6.666666666666667
3373,CD1C,play,3,1.25
3373,CD1C,sf,5,5.555555555555555
3373,CD1C,reunion,9,3.75
3373,CD2B,play,3,1.25
3373,CD2B,sf,5,5.555555555555555
3373,CD2B,reunion,6,2.5
3375,CD1C,play,2,0.8333333333333334
3375,CD1C,sf,3,3.3333333333333335
3375,CD1C,reunion,3,1.25
3375,CD2B,play,3,1.25
3375,CD2B,sf,5,5.555555555555555
3375,CD2B,reunion,3,1.25
3377,CD1C,play,8,3.3333333333333335
3377,CD1C,sf,9,10
3377,CD1C,reunion,13,5.416666666666667
3377,CD2B,play,14,5.833333333333333
3377,CD2B,sf,11,12.222222222222221
3377,CD2B,reunion,11,4.583333333333333
3379,CD2B,play,7,2.9166666666666665
3379,CD2B,sf,9,10
3379,CD2B,reunion,12,5
3382,CD1C,play,10,4.166666666666666
3382,CD1C,sf,13,14.444444444444443
3382,CD1C,reunion,13,5.416666666666667
3382,CD2B,play,10,4.166666666666666
3382,CD2B,sf,17,18.88888888888889
3382,CD2B,reunion,13,5.416666666666667
3383,CD1C,play,13,5.416666666666667
3383,CD1C,sf,9,10
3383,CD1C,reunion,12,5
3383,CD2B,play,15,6.25
3383,CD2B,sf,14,15.555555555555555
3383,CD2B,reunion,18,7.5
3388,CD1C,play,14,5.833333333333333
3388,CD1C,sf,12,13.333333333333334
3388,CD1C,reunion,14,5.833333333333333
3388,CD2B,play,5,2.083333333333333
3388,CD2B,sf,5,5.555555555555555
3388,CD2B,reunion,11,4.583333333333333
3389,CD1C,play,19,7.916666666666666
3389,CD1C,sf,10,11.11111111111111
3389,CD1C,reunion,6,2.5
3389,CD2B,play,21,8.75
3389,CD2B,sf,13,14.444444444444443
3389,CD2B,reunion,13,5.416666666666667
3391,CD1C,play,2,0.8333333333333334
3391,CD1C,sf,9,10
3391,CD1C,reunion,9,3.75
3391,CD2B,play,10,4.166666666666666
3391,CD2B,sf,12,13.333333333333334
3391,CD2B,reunion,14,5.833333333333333
3392,CD1C,play,9,3.75
3392,CD1C,sf,9,10
3392,CD1C,reunion,16,6.666666666666667
3392,CD2B,play,8,3.3333333333333335
3392,CD2B,sf,13,14.444444444444443
3392,CD2B,reunion,14,5.833333333333333
3393,CD1C,play,10,4.166666666666666
3393,CD1C,sf,4,4.444444444444445
3393,CD1C,reunion,17,7.083333333333333
3393,CD2B,play,8,3.3333333333333335
3393,CD2B,sf,9,10
3393,CD2B,reunion,17,7.083333333333333
3399,CD1C,play,2,0.8333333333333334
3399,CD1C,sf,2,2.2222222222222223
3399,CD1C,reunion,4,1.6666666666666667
3399,CD2B,reunion,3,1.25
3400,CD1C,play,12,5
3400,CD1C,sf,3,3.3333333333333335
3400,CD1C,reunion,1,0.4166666666666667
3400,CD2B,play,14,5.833333333333333
3400,CD2B,sf,6,6.666666666666667
3403,CD2B,play,1,0.4166666666666667
3403,CD2B,sf,7,7.777777777777778
3403,CD2B,reunion,12,5
3406,CD1C,play,8,3.3333333333333335
3406,CD1C,sf,12,13.333333333333334
3406,CD1C,reunion,4,1.6666666666666667
3409,CD1C,play,20,8.333333333333332
3409,CD2B,play,27,11.25
3410,CD1C,play,16,6.666666666666667
3410,CD1C,sf,10,11.11111111111111
3410,CD1C,reunion,8,3.3333333333333335
3410,CD2B,play,16,6.666666666666667
3410,CD2B,sf,9,10
3410,CD2B,reunion,3,1.25
3412,CD1C,play,6,2.5
3412,CD2B,play,11,4.583333333333333
3417,CD1C,play,11,4.583333333333333
3417,CD1C,sf,15,16.666666666666664
3417,CD1C,reunion,22,9.166666666666666
3417,CD2B,play,10,4.166666666666666
3417,CD2B,sf,12,13.333333333333334
3417,CD2B,reunion,19,7.916666666666666
3421,CD1C,play,31,12.916666666666668
3421,CD1C,sf,4,4.444444444444445
3421,CD1C,reunion,14,5.833333333333333
3421,CD2B,play,32,13.333333333333334
3421,CD2B,sf,6,6.666666666666667
3421,CD2B,reunion,5,2.083333333333333
3424,CD1C,play,3,1.25
3424,CD1C,sf,7,7.777777777777778
3424,CD1C,reunion,5,2.083333333333333
3424,CD2B,play,5,2.083333333333333
3424,CD2B,sf,5,5.555555555555555
3424,CD2B,reunion,4,1.6666666666666667
3432,CD1C,play,9,3.75
3432,CD1C,sf,15,16.666666666666664
3432,CD1C,reunion,17,7.083333333333333
3432,CD2B,play,12,5
3432,CD2B,sf,12,13.333333333333334
3432,CD2B,reunion,13,5.416666666666667
3433,CD1C,play,3,1.25
3433,CD1C,reunion,1,0.4166666666666667
3433,CD2B,play,6,2.5
3433,CD2B,sf,4,4.444444444444445
3433,CD2B,reunion,1,0.4166666666666667
3434,CD2B,play,3,1.25
3434,CD2B,sf,5,5.555555555555555
3434,CD2B,reunion,6,2.5
3435,CD1C,play,7,2.9166666666666665
3435,CD1C,reunion,3,1.25
3435,CD2B,play,12,5
3435,CD2B,sf,1,1.1111111111111112
3435,CD2B,reunion,6,2.5
3436,CD1C,play,10,4.166666666666666
3436,CD1C,sf,5,5.555555555555555
3436,CD1C,reunion,10,4.166666666666666
3436,CD2B,play,8,3.3333333333333335
3436,CD2B,sf,7,7.777777777777778
3436,CD2B,reunion,4,1.6666666666666667
3438,CD1C,play,4,1.6666666666666667
3438,CD1C,sf,5,5.555555555555555
3438,CD1C,reunion,2,0.8333333333333334
3438,CD2B,play,3,1.25
3438,CD2B,sf,3,3.3333333333333335
3440,CD1C,play,1,0.4166666666666667
3440,CD2B,play,9,3.75
3440,CD2B,sf,16,17.77777777777778
3440,CD2B,reunion,6,2.5
3445,CD1C,play,11,4.583333333333333
3445,CD1C,sf,7,7.777777777777778
3445,CD1C,reunion,15,6.25
3445,CD2B,play,11,4.583333333333333
3445,CD2B,sf,8,8.88888888888889
3445,CD2B,reunion,14,5.833333333333333
3446,CD1C,play,8,3.3333333333333335
3446,CD1C,sf,9,10
3446,CD1C,reunion,10,4.166666666666666
3450,CD1C,play,8,3.3333333333333335
3450,CD1C,sf,5,5.555555555555555
3450,CD1C,reunion,3,1.25
3450,CD2B,play,2,0.8333333333333334
3450,CD2B,sf,3,3.3333333333333335
3450,CD2B,reunion,7,2.9166666666666665
3455,CD1C,play,9,3.75
3455,CD1C,sf,2,2.2222222222222223
3455,CD1C,reunion,2,0.8333333333333334
3455,CD2B,play,12,5
3455,CD2B,sf,4,4.444444444444445
3455,CD2B,reunion,6,2.5
3458,CD1C,play,13,5.416666666666667
3458,CD1C,sf,9,10
3458,CD2B,play,13,5.416666666666667
3458,CD2B,sf,3,3.3333333333333335
3459,CD1C,play,5,2.083333333333333
3459,CD1C,sf,5,5.555555555555555
3459,CD1C,reunion,8,3.3333333333333335
3459,CD2B,play,7,2.9166666666666665
3459,CD2B,sf,8,8.88888888888889
3459,CD2B,reunion,10,4.166666666666666
3461,CD1C,play,12,5
3461,CD1C,sf,4,4.444444444444445
3461,CD1C,reunion,7,2.9166666666666665
3461,CD2B,play,17,7.083333333333333
3461,CD2B,sf,3,3.3333333333333335
3461,CD2B,reunion,7,2.9166666666666665
3462,CD1C,play,1,0.4166666666666667
3462,CD1C,sf,9,10
3462,CD1C,reunion,3,1.25
3462,CD2B,play,1,0.4166666666666667
3462,CD2B,sf,9,10
3468,CD1C,play,11,4.583333333333333
3468,CD1C,sf,10,11.11111111111111
3468,CD1C,reunion,18,7.5
3468,CD2B,play,7,2.9166666666666665
3468,CD2B,sf,5,5.555555555555555
3468,CD2B,reunion,13,5.416666666666667
3472,CD1C,play,8,3.3333333333333335
3472,CD1C,sf,12,13.333333333333334
3472,CD1C,reunion,4,1.6666666666666667
3472,CD2B,play,10,4.166666666666666
3472,CD2B,sf,13,14.444444444444443
3472,CD2B,reunion,7,2.9166666666666665
3473,CD1C,play,7,2.9166666666666665
3473,CD1C,sf,6,6.666666666666667
3473,CD1C,reunion,14,5.833333333333333
3473,CD2B,play,1,0.4166666666666667
3473,CD2B,sf,9,10
3473,CD2B,reunion,15,6.25
3476,CD1C,play,3,1.25
3476,CD1C,sf,4,4.444444444444445
3476,CD1C,reunion,3,1.25
3476,CD2B,play,10,4.166666666666666
3476,CD2B,sf,5,5.555555555555555
3476,CD2B,reunion,5,2.083333333333333
3480,CD1C,play,6,2.5
3480,CD1C,sf,4,4.444444444444445
3480,CD1C,reunion,6,2.5
3480,CD2B,play,7,2.9166666666666665
3480,CD2B,sf,6,6.666666666666667
3480,CD2B,reunion,5,2.083333333333333
3483,CD1C,play,7,2.9166666666666665
3483,CD1C,sf,7,7.777777777777778
3483,CD1C,reunion,6,2.5
3483,CD2B,play,10,4.166666666666666
3483,CD2B,sf,10,11.11111111111111
3483,CD2B,reunion,9,3.75
3487,CD1C,play,6,2.5
3487,CD1C,sf,7,7.777777777777778
3487,CD1C,reunion,12,5
3487,CD2B,play,6,2.5
3487,CD2B,sf,8,8.88888888888889
3487,CD2B,reunion,11,4.583333333333333
3488,CD1C,play,5,2.083333333333333
3488,CD1C,sf,4,4.444444444444445
3488,CD1C,reunion,5,2.083333333333333
3488,CD2B,play,9,3.75
3488,CD2B,sf,2,2.2222222222222223
3488,CD2B,reunion,2,0.8333333333333334
3491,CD2B,play,7,2.9166666666666665
3491,CD2B,sf,1,1.1111111111111112
3491,CD2B,reunion,9,3.75
3493,CD1C,play,6,2.5
3493,CD1C,sf,5,5.555555555555555
3493,CD1C,reunion,3,1.25
3493,CD2B,play,2,0.8333333333333334
3493,CD2B,sf,4,4.444444444444445
3493,CD2B,reunion,5,2.083333333333333
3498,CD1C,play,6,2.5
3498,CD1C,sf,5,5.555555555555555
3498,CD1C,reunion,9,3.75
3498,CD2B,play,5,2.083333333333333
3498,CD2B,sf,4,4.444444444444445
3498,CD2B,reunion,11,4.583333333333333
3500,CD1C,play,3,1.25
3500,CD1C,sf,4,4.444444444444445
3500,CD1C,reunion,6,2.5
3512,CD1C,play,10,4.166666666666666
3512,CD1C,sf,11,12.222222222222221
3512,CD1C,reunion,15,6.25
3512,CD2B,play,10,4.166666666666666
3512,CD2B,sf,10,11.11111111111111
3512,CD2B,reunion,22,9.166666666666666
3514,CD1C,play,15,6.25
3514,CD1C,sf,11,12.222222222222221
3514,CD1C,reunion,22,9.166666666666666
3514,CD2B,play,14,5.833333333333333
3514,CD2B,sf,11,12.222222222222221
3514,CD2B,reunion,15,6.25
3517,CD1C,play,3,1.25
3517,CD1C,sf,5,5.555555555555555
3517,CD1C,reunion,1,0.4166666666666667
3517,CD2B,play,12,5
3517,CD2B,sf,7,7.777777777777778
3517,CD2B,reunion,11,4.583333333333333
3520,CD1C,play,3,1.25
3520,CD1C,sf,10,11.11111111111111
3520,CD1C,reunion,4,1.6666666666666667
3520,CD2B,play,5,2.083333333333333
3520,CD2B,sf,3,3.3333333333333335
3520,CD2B,reunion,3,1.25
3525,CD2B,play,9,3.75
3525,CD2B,sf,8,8.88888888888889
3525,CD2B,reunion,15,6.25
3530,CD1C,play,13,5.416666666666667
3530,CD1C,sf,7,7.777777777777778
3530,CD1C,reunion,10,4.166666666666666
3530,CD2B,play,10,4.166666666666666
3530,CD2B,sf,9,10
3530,CD2B,reunion,8,3.3333333333333335
3531,CD1C,play,12,5
3531,CD1C,sf,5,5.555555555555555
3531,CD1C,reunion,2,0.8333333333333334
3531,CD2B,play,6,2.5
3531,CD2B,sf,10,11.11111111111111
3531,CD2B,reunion,7,2.9166666666666665
3533,CD1C,play,12,5
3533,CD1C,sf,7,7.777777777777778
3533,CD1C,reunion,2,0.8333333333333334
3533,CD2B,play,12,5
3533,CD2B,sf,4,4.444444444444445
3533,CD2B,reunion,8,3.3333333333333335
3541,CD1C,play,22,9.166666666666666
3541,CD1C,sf,9,10
3541,CD1C,reunion,15,6.25
3541,CD2B,play,15,6.25
3541,CD2B,sf,12,13.333333333333334
3541,CD2B,reunion,18,7.5
3543,CD1C,play,9,3.75
3543,CD1C,sf,4,4.444444444444445
3543,CD1C,reunion,10,4.166666666666666
3543,CD2B,play,13,5.416666666666667
3543,CD2B,sf,5,5.555555555555555
3543,CD2B,reunion,17,7.083333333333333
3546,CD1C,play,10,4.166666666666666
3546,CD1C,sf,11,12.222222222222221
3546,CD1C,reunion,20,8.333333333333332
3546,CD2B,play,9,3.75
3546,CD2B,sf,6,6.666666666666667
3546,CD2B,reunion,17,7.083333333333333
3547,CD1C,play,10,4.166666666666666
3547,CD1C,sf,3,3.3333333333333335
3547,CD1C,reunion,1,0.4166666666666667
3547,CD2B,play,3,1.25
3547,CD2B,sf,6,6.666666666666667
3547,CD2B,reunion,2,0.8333333333333334
3554,CD1C,play,16,6.666666666666667
3554,CD1C,sf,7,7.777777777777778
3554,CD1C,reunion,6,2.5
3554,CD2B,play,13,5.416666666666667
3554,CD2B,sf,11,12.222222222222221
3554,CD2B,reunion,6,2.5
3558,CD1C,play,4,1.6666666666666667
3558,CD1C,sf,6,6.666666666666667
3558,CD1C,reunion,18,7.5
3558,CD2B,play,4,1.6666666666666667
3558,CD2B,sf,3,3.3333333333333335
3558,CD2B,reunion,15,6.25
3560,CD1C,play,4,1.6666666666666667
3560,CD1C,sf,3,3.3333333333333335
3560,CD1C,reunion,3,1.25
3560,CD2B,play,3,1.25
3560,CD2B,sf,3,3.3333333333333335
3560,CD2B,reunion,3,1.25
3561,CD1C,play,3,1.25
3561,CD1C,sf,2,2.2222222222222223
3561,CD1C,reunion,4,1.6666666666666667
3561,CD2B,play,2,0.8333333333333334
3561,CD2B,sf,1,1.1111111111111112
3564,CD1C,play,25,10.416666666666668
3564,CD1C,sf,5,5.555555555555555
3564,CD1C,reunion,7,2.9166666666666665
3564,CD2B,play,30,12.5
3564,CD2B,sf,3,3.3333333333333335
3564,CD2B,reunion,6,2.5
3565,CD1C,play,4,1.6666666666666667
3565,CD1C,sf,4,4.444444444444445
3565,CD1C,reunion,6,2.5
3566,CD1C,play,8,3.3333333333333335
3566,CD1C,sf,10,11.11111111111111
3566,CD1C,reunion,9,3.75
3566,CD2B,play,12,5
3566,CD2B,sf,9,10
3566,CD2B,reunion,6,2.5
3567,CD1C,play,10,4.166666666666666
3567,CD1C,sf,5,5.555555555555555
3567,CD1C,reunion,14,5.833333333333333
3567,CD2B,play,11,4.583333333333333
3567,CD2B,sf,3,3.3333333333333335
3567,CD2B,reunion,10,4.166666666666666
3568,CD1C,play,11,4.583333333333333
3568,CD1C,sf,1,1.1111111111111112
3568,CD2B,play,2,0.8333333333333334
3568,CD2B,reunion,2,0.8333333333333334
3578,CD1C,play,1,0.4166666666666667
3578,CD1C,sf,9,10
3578,CD1C,reunion,2,0.8333333333333334
3578,CD2B,play,1,0.4166666666666667
3578,CD2B,sf,3,3.3333333333333335
3578,CD2B,reunion,1,0.4166666666666667
3579,CD1C,play,7,2.9166666666666665
3579,CD1C,sf,11,12.222222222222221
3579,CD1C,reunion,10,4.166666666666666
3579,CD2B,play,11,4.583333333333333
3579,CD2B,sf,12,13.333333333333334
3579,CD2B,reunion,18,7.5
3584,CD1C,play,16,6.666666666666667
3584,CD1C,sf,11,12.222222222222221
3584,CD1C,reunion,4,1.6666666666666667
3584,CD2B,play,17,7.083333333333333
3584,CD2B,sf,11,12.222222222222221
3584,CD2B,reunion,4,1.6666666666666667
3593,CD1C,play,6,2.5
3593,CD1C,sf,7,7.777777777777778
3593,CD1C,reunion,2,0.8333333333333334
3593,CD2B,play,3,1.25
3593,CD2B,sf,4,4.444444444444445
3598,CD1C,play,4,1.6666666666666667
3598,CD1C,sf,8,8.88888888888889
3598,CD1C,reunion,3,1.25
3598,CD2B,play,13,5.416666666666667
3598,CD2B,sf,5,5.555555555555555
3598,CD2B,reunion,3,1.25
3603,CD1C,play,14,5.833333333333333
3603,CD1C,sf,17,18.88888888888889
3603,CD1C,reunion,33,13.750000000000002
3603,CD2B,play,11,4.583333333333333
3603,CD2B,sf,13,14.444444444444443
3603,CD2B,reunion,39,16.25
3606,CD1C,play,5,2.083333333333333
3606,CD1C,sf,16,17.77777777777778
3606,CD1C,reunion,15,6.25
3606,CD2B,play,9,3.75
3606,CD2B,sf,15,16.666666666666664
3606,CD2B,reunion,21,8.75
3607,CD1C,play,4,1.6666666666666667
3607,CD1C,sf,10,11.11111111111111
3607,CD1C,reunion,20,8.333333333333332
3607,CD2B,play,12,5
3607,CD2B,sf,9,10
3607,CD2B,reunion,18,7.5
3609,CD2B,play,7,2.9166666666666665
3609,CD2B,sf,5,5.555555555555555
3609,CD2B,reunion,2,0.8333333333333334
3610,CD1C,play,7,2.9166666666666665
3610,CD1C,sf,3,3.3333333333333335
3610,CD1C,reunion,7,2.9166666666666665
3610,CD2B,play,10,4.166666666666666
3610,CD2B,sf,4,4.444444444444445
3610,CD2B,reunion,9,3.75
3614,CD1C,play,7,2.9166666666666665
3614,CD1C,sf,4,4.444444444444445
3614,CD1C,reunion,5,2.083333333333333
3614,CD2B,play,8,3.3333333333333335
3614,CD2B,sf,2,2.2222222222222223
3614,CD2B,reunion,2,0.8333333333333334
3623,CD1C,play,3,1.25
3623,CD1C,sf,9,10
3623,CD1C,reunion,7,2.9166666666666665
3623,CD2B,play,6,2.5
3623,CD2B,sf,14,15.555555555555555
3623,CD2B,reunion,6,2.5
3624,CD1C,play,4,1.6666666666666667
3624,CD1C,sf,4,4.444444444444445
3624,CD1C,reunion,2,0.8333333333333334
3624,CD2B,play,8,3.3333333333333335
3624,CD2B,sf,5,5.555555555555555
3624,CD2B,reunion,8,3.3333333333333335
3631,CD1C,play,7,2.9166666666666665
3631,CD1C,sf,9,10
3631,CD1C,reunion,20,8.333333333333332
3631,CD2B,play,17,7.083333333333333
3631,CD2B,sf,13,14.444444444444443
3631,CD2B,reunion,20,8.333333333333332
3635,CD1C,play,2,0.8333333333333334
3635,CD1C,sf,4,4.444444444444445
3635,CD1C,reunion,5,2.083333333333333
3636,CD1C,play,10,4.166666666666666
3636,CD1C,sf,7,7.777777777777778
3636,CD1C,reunion,19,7.916666666666666
3636,CD2B,play,9,3.75
3636,CD2B,sf,14,15.555555555555555
3636,CD2B,reunion,19,7.916666666666666
3644,CD1C,play,4,1.6666666666666667
3644,CD1C,sf,4,4.444444444444445
3644,CD1C,reunion,12,5
3644,CD2B,play,9,3.75
3644,CD2B,sf,7,7.777777777777778
3644,CD2B,reunion,11,4.583333333333333
3646,CD1C,play,11,4.583333333333333
3646,CD1C,sf,2,2.2222222222222223
3646,CD1C,reunion,1,0.4166666666666667
3646,CD2B,play,10,4.166666666666666
3646,CD2B,sf,3,3.3333333333333335
3646,CD2B,reunion,1,0.4166666666666667
3674,CD1C,play,16,6.666666666666667
3674,CD1C,sf,7,7.777777777777778
3674,CD1C,reunion,25,10.416666666666668
3674,CD2B,play,23,9.583333333333334
3674,CD2B,sf,10,11.11111111111111
3674,CD2B,reunion,22,9.166666666666666
3687,CD1C,play,6,2.5
3687,CD1C,sf,3,3.3333333333333335
3687,CD1C,reunion,5,2.083333333333333
3687,CD2B,play,8,3.3333333333333335
3687,CD2B,sf,6,6.666666666666667
3693,CD2B,play,5,2.083333333333333
3697,CD1C,play,8,3.3333333333333335
3697,CD1C,sf,6,6.666666666666667
3697,CD2B,play,7,2.9166666666666665
3697,CD2B,sf,9,10
3697,CD2B,reunion,17,7.083333333333333
3702,CD1C,play,3,1.25
3702,CD1C,sf,2,2.2222222222222223
3702,CD1C,reunion,1,0.4166666666666667
3702,CD2B,play,1,0.4166666666666667
3702,CD2B,sf,1,1.1111111111111112
3702,CD2B,reunion,2,0.8333333333333334
3703,CD1C,play,9,3.75
3703,CD1C,sf,3,3.3333333333333335
3703,CD1C,reunion,7,2.9166666666666665
3703,CD2B,play,6,2.5
3703,CD2B,sf,2,2.2222222222222223
3703,CD2B,reunion,6,2.5
3713,CD2B,play,13,5.416666666666667
3713,CD2B,sf,11,12.222222222222221
3713,CD2B,reunion,13,5.416666666666667
3718,CD1C,play,6,2.5
3718,CD1C,sf,7,7.777777777777778
3718,CD1C,reunion,8,3.3333333333333335
3720,CD1C,play,3,1.25
3720,CD1C,sf,4,4.444444444444445
3720,CD1C,reunion,18,7.5
3720,CD2B,play,6,2.5
3720,CD2B,sf,6,6.666666666666667
3720,CD2B,reunion,26,10.833333333333334
3728,CD2B,play,1,0.4166666666666667
3728,CD2B,sf,4,4.444444444444445
3728,CD2B,reunion,1,0.4166666666666667
3738,CD1C,play,14,5.833333333333333
3738,CD1C,sf,31,34.44444444444444
3738,CD2B,play,10,4.166666666666666
3738,CD2B,sf,8,8.88888888888889
3738,CD2B,reunion,20,8.333333333333332
3740,CD1C,sf,10,11.11111111111111
3740,CD1C,reunion,9,3.75
3740,CD2B,play,4,1.6666666666666667
3740,CD2B,sf,13,14.444444444444443
3740,CD2B,reunion,6,2.5
3745,CD1C,play,2,0.8333333333333334
3745,CD1C,sf,7,7.777777777777778
3745,CD1C,reunion,10,4.166666666666666
3745,CD2B,play,5,2.083333333333333
3745,CD2B,sf,3,3.3333333333333335
3745,CD2B,reunion,13,5.416666666666667
3746,CD1C,play,5,2.083333333333333
3746,CD1C,sf,6,6.666666666666667
3746,CD1C,reunion,14,5.833333333333333
3746,CD2B,play,2,0.8333333333333334
3746,CD2B,sf,4,4.444444444444445
3746,CD2B,reunion,9,3.75
3749,CD1C,play,2,0.8333333333333334
3749,CD1C,reunion,5,2.083333333333333
3749,CD2B,play,2,0.8333333333333334
3749,CD2B,sf,2,2.2222222222222223
3749,CD2B,reunion,2,0.8333333333333334
3754,CD1C,play,6,2.5
3754,CD1C,sf,6,6.666666666666667
3754,CD1C,reunion,18,7.5
3754,CD2B,play,4,1.6666666666666667
3754,CD2B,sf,4,4.444444444444445
3754,CD2B,reunion,17,7.083333333333333
3757,CD1C,play,8,3.3333333333333335
3757,CD1C,sf,12,13.333333333333334
3757,CD1C,reunion,17,7.083333333333333
3757,CD2B,play,11,4.583333333333333
3757,CD2B,sf,16,17.77777777777778
3757,CD2B,reunion,18,7.5
3761,CD1C,play,10,4.166666666666666
3761,CD1C,sf,6,6.666666666666667
3761,CD1C,reunion,18,7.5
3762,CD1C,play,8,3.3333333333333335
3762,CD1C,sf,3,3.3333333333333335
3762,CD1C,reunion,11,4.583333333333333
3762,CD2B,play,10,4.166666666666666
3762,CD2B,sf,5,5.555555555555555
3762,CD2B,reunion,13,5.416666666666667
3780,CD1C,play,3,1.25
3780,CD1C,sf,1,1.1111111111111112
3780,CD1C,reunion,1,0.4166666666666667
3780,CD2B,play,2,0.8333333333333334
3780,CD2B,sf,3,3.3333333333333335
3780,CD2B,reunion,9,3.75
3781,CD1C,play,11,4.583333333333333
3781,CD1C,sf,6,6.666666666666667
3781,CD1C,reunion,3,1.25
3781,CD2B,play,6,2.5
3781,CD2B,sf,3,3.3333333333333335
3781,CD2B,reunion,4,1.6666666666666667
3784,CD1C,play,2,0.8333333333333334
3784,CD1C,sf,2,2.2222222222222223
3784,CD1C,reunion,4,1.6666666666666667
3788,CD1C,play,14,5.833333333333333
3788,CD1C,sf,16,17.77777777777778
3788,CD1C,reunion,28,11.666666666666666
3794,CD1C,play,1,0.4166666666666667
3794,CD1C,sf,1,1.1111111111111112
3794,CD1C,reunion,13,5.416666666666667
3794,CD2B,play,6,2.5
3794,CD2B,sf,1,1.1111111111111112
3794,CD2B,reunion,6,2.5
3795,CD1C,play,3,1.25
3795,CD1C,sf,3,3.3333333333333335
3795,CD1C,reunion,13,5.416666666666667
3795,CD2B,play,5,2.083333333333333
3795,CD2B,sf,3,3.3333333333333335
3795,CD2B,reunion,23,9.583333333333334
3797,CD1C,play,12,5
3797,CD1C,sf,8,8.88888888888889
3797,CD1C,reunion,3,1.25
3797,CD2B,play,13,5.416666666666667
3797,CD2B,sf,9,10
3797,CD2B,reunion,4,1.6666666666666667
3803,CD1C,play,6,2.5
3803,CD1C,sf,5,5.555555555555555
3803,CD1C,reunion,5,2.083333333333333
3803,CD2B,play,4,1.6666666666666667
3803,CD2B,sf,9,10
3803,CD2B,reunion,10,4.166666666666666
3804,CD1C,play,10,4.166666666666666
3804,CD1C,sf,13,14.444444444444443
3804,CD1C,reunion,22,9.166666666666666
3805,CD1C,play,14,5.833333333333333
3805,CD1C,sf,14,15.555555555555555
3805,CD1C,reunion,24,10
3805,CD2B,play,16,6.666666666666667
3805,CD2B,sf,10,11.11111111111111
3805,CD2B,reunion,23,9.583333333333334
3806,CD1C,play,17,7.083333333333333
3806,CD1C,sf,5,5.555555555555555
3806,CD1C,reunion,14,5.833333333333333
3806,CD2B,play,3,1.25
3806,CD2B,sf,7,7.777777777777778
3806,CD2B,reunion,2,0.8333333333333334
3809,CD1C,play,4,1.6666666666666667
3809,CD1C,sf,1,1.1111111111111112
3809,CD1C,reunion,5,2.083333333333333
3809,CD2B,play,1,0.4166666666666667
3809,CD2B,sf,2,2.2222222222222223
3809,CD2B,reunion,5,2.083333333333333
3812,CD1C,play,3,1.25
3812,CD1C,sf,4,4.444444444444445
3812,CD1C,reunion,7,2.9166666666666665
3812,CD2B,play,2,0.8333333333333334
3812,CD2B,sf,4,4.444444444444445
3812,CD2B,reunion,10,4.166666666666666
3813,CD1C,sf,2,2.2222222222222223
3813,CD1C,reunion,6,2.5
3813,CD2B,sf,2,2.2222222222222223
3813,CD2B,reunion,5,2.083333333333333
3814,CD1C,play,3,1.25
3814,CD1C,sf,4,4.444444444444445
3814,CD1C,reunion,15,6.25
3814,CD2B,sf,1,1.1111111111111112
3814,CD2B,reunion,5,2.083333333333333
3815,CD1C,play,10,4.166666666666666
3815,CD1C,sf,12,13.333333333333334
3815,CD1C,reunion,19,7.916666666666666
3819,CD1C,play,11,4.583333333333333
3819,CD1C,sf,61,67.77777777777779
3819,CD1C,reunion,24,10
3819,CD2B,play,2,0.8333333333333334
3819,CD2B,sf,2,2.2222222222222223
3819,CD2B,reunion,4,1.6666666666666667
3820,CD1C,play,7,2.9166666666666665
3820,CD1C,sf,6,6.666666666666667
3820,CD1C,reunion,12,5
3820,CD2B,play,7,2.9166666666666665
3820,CD2B,sf,6,6.666666666666667
3820,CD2B,reunion,12,5
3822,CD1C,play,11,4.583333333333333
3822,CD1C,sf,9,10
3822,CD1C,reunion,10,4.166666666666666
3824,CD1C,play,10,4.166666666666666
3824,CD1C,sf,10,11.11111111111111
3824,CD1C,reunion,20,8.333333333333332
3829,CD1C,play,7,2.9166666666666665
3829,CD1C,sf,9,10
3829,CD1C,reunion,19,7.916666666666666
3829,CD2B,play,7,2.9166666666666665
3829,CD2B,sf,8,8.88888888888889
3829,CD2B,reunion,21,8.75
3830,CD1C,play,5,2.083333333333333
3830,CD1C,sf,12,13.333333333333334
3830,CD1C,reunion,14,5.833333333333333
3830,CD2B,play,11,4.583333333333333
3830,CD2B,sf,9,10
3830,CD2B,reunion,17,7.083333333333333
3837,CD1C,play,6,2.5
3837,CD1C,sf,12,13.333333333333334
3837,CD1C,reunion,26,10.833333333333334
3837,CD2B,play,5,2.083333333333333
3837,CD2B,sf,8,8.88888888888889
3837,CD2B,reunion,25,10.416666666666668
3838,CD1C,play,4,1.6666666666666667
3838,CD1C,sf,7,7.777777777777778
3838,CD1C,reunion,23,9.583333333333334
3839,CD1C,play,5,2.083333333333333
3839,CD1C,sf,8,8.88888888888889
3839,CD1C,reunion,3,1.25
3839,CD2B,play,4,1.6666666666666667
3839,CD2B,sf,11,12.222222222222221
3839,CD2B,reunion,4,1.6666666666666667
3841,CD1C,play,13,5.416666666666667
3841,CD1C,sf,8,8.88888888888889
3841,CD1C,reunion,16,6.666666666666667
3841,CD2B,play,10,4.166666666666666
3841,CD2B,sf,10,11.11111111111111
3841,CD2B,reunion,23,9.583333333333334
3846,CD1C,play,4,1.6666666666666667
3846,CD1C,sf,10,11.11111111111111
3846,CD1C,reunion,22,9.166666666666666
3846,CD2B,play,5,2.083333333333333
3846,CD2B,sf,6,6.666666666666667
3846,CD2B,reunion,27,11.25
3848,CD1C,play,6,2.5
3848,CD1C,sf,10,11.11111111111111
3848,CD1C,reunion,19,7.916666666666666
3848,CD2B,play,3,1.25
3848,CD2B,sf,7,7.777777777777778
3848,CD2B,reunion,11,4.583333333333333
3851,CD1C,play,5,2.083333333333333
3851,CD1C,sf,8,8.88888888888889
3851,CD1C,reunion,20,8.333333333333332
3851,CD2B,play,1,0.4166666666666667
3851,CD2B,sf,4,4.444444444444445
3851,CD2B,reunion,7,2.9166666666666665
3854,CD1C,play,5,2.083333333333333
3854,CD1C,sf,10,11.11111111111111
3854,CD1C,reunion,23,9.583333333333334
3854,CD2B,play,4,1.6666666666666667
3854,CD2B,sf,6,6.666666666666667
3854,CD2B,reunion,21,8.75
3857,CD1C,play,8,3.3333333333333335
3857,CD1C,sf,6,6.666666666666667
3857,CD1C,reunion,12,5
3859,CD1C,play,6,2.5
3859,CD1C,sf,11,12.222222222222221
3859,CD1C,reunion,21,8.75
3861,CD1C,play,4,1.6666666666666667
3861,CD1C,sf,9,10
3861,CD1C,reunion,24,10
3861,CD2B,play,5,2.083333333333333
3861,CD2B,sf,7,7.777777777777778
3861,CD2B,reunion,8,3.3333333333333335
3863,CD1C,play,7,2.9166666666666665
3863,CD1C,sf,5,5.555555555555555
3863,CD1C,reunion,14,5.833333333333333
3863,CD2B,play,6,2.5
3863,CD2B,sf,1,1.1111111111111112
3863,CD2B,reunion,9,3.75
3865,CD1C,play,11,4.583333333333333
3865,CD1C,sf,6,6.666666666666667
3865,CD1C,reunion,20,8.333333333333332
3866,CD1C,play,2,0.8333333333333334
3866,CD1C,sf,7,7.777777777777778
3866,CD1C,reunion,10,4.166666666666666
3866,CD2B,play,3,1.25
3866,CD2B,sf,5,5.555555555555555
3866,CD2B,reunion,7,2.9166666666666665
3867,CD1C,play,1,0.4166666666666667
3867,CD1C,sf,4,4.444444444444445
3867,CD1C,reunion,11,4.583333333333333
3867,CD2B,play,1,0.4166666666666667
3867,CD2B,reunion,3,1.25
3871,CD1C,play,3,1.25
3871,CD1C,sf,7,7.777777777777778
3871,CD1C,reunion,18,7.5
3872,CD1C,sf,9,10
3872,CD1C,reunion,2,0.8333333333333334
3872,CD2B,play,1,0.4166666666666667
3872,CD2B,sf,2,2.2222222222222223
3872,CD2B,reunion,3,1.25
3875,CD1C,play,3,1.25
3875,CD1C,sf,11,12.222222222222221
3875,CD1C,reunion,15,6.25
3875,CD2B,play,8,3.3333333333333335
3875,CD2B,sf,9,10
3875,CD2B,reunion,19,7.916666666666666
3876,CD1C,play,3,1.25
3876,CD1C,sf,3,3.3333333333333335
3876,CD1C,reunion,15,6.25
3878,CD1C,play,5,2.083333333333333
3878,CD1C,sf,4,4.444444444444445
3878,CD1C,reunion,8,3.3333333333333335
3879,CD1C,play,7,2.9166666666666665
3879,CD1C,sf,7,7.777777777777778
3879,CD1C,reunion,16,6.666666666666667
3879,CD2B,play,3,1.25
3879,CD2B,sf,4,4.444444444444445
3879,CD2B,reunion,8,3.3333333333333335
3886,CD2B,play,6,2.5
3886,CD2B,sf,9,10
3886,CD2B,reunion,14,5.833333333333333
3887,CD1C,play,3,1.25
3887,CD1C,sf,12,13.333333333333334
3887,CD1C,reunion,19,7.916666666666666
3887,CD2B,play,1,0.4166666666666667
3887,CD2B,sf,13,14.444444444444443
3887,CD2B,reunion,22,9.166666666666666
3888,CD1C,play,3,1.25
3888,CD1C,sf,1,1.1111111111111112
3888,CD1C,reunion,7,2.9166666666666665
3888,CD2B,play,2,0.8333333333333334
3888,CD2B,sf,1,1.1111111111111112
3888,CD2B,reunion,9,3.75
